blockNumber,logIndex,baseAmount,quoteAmount,price,liquidity
136410307,88,-0.000258413219087334,0.435830064995872362,1669.763774157838176961761806,263.85261096542091934
136412064,22,-0.001194898668979796,2.01572504845270345,1670.381936854136350646404412,263.85261096542091934
136431567,10,-0.001193010682348943,2.01328466593895518,1670.999465354025041197046479,263.85261096542091934
136577363,15,-0.037887638103430289,64.327309516802332757,1690.790458477232958158075187,263.85261096542091934
136577410,242,-0.063492639902932962,109.527156381865085984,1725.054323084619687165466644,260.429356963816296654
136815139,95,0.011344436882491695,-19.339432552675061186,1718.891258020119819519144317,260.429356963816296654
136815804,161,0.013379089443376375,-22.719321723938441529,1711.665183027769279547197165,260.429356963816296654
136819928,17,0.0168,-28.393394597849094371,1702.655818193617116936058947,260.429356963816296654
136853622,83,0.04800000000000001,-80.313027925266606475,1677.621621478860765724646253,263.85261096542091934
136894107,182,0.009586174129334583,-15.897732479497999377,1672.689528672966929174794131,263.85261096542091934
136895242,40,0.008472646644763147,-14.012168030868423115,1668.348422041298521301542235,263.816584356149519873
137129798,140,0.009758725063104149,-16.094070733479345192,1663.368612376852517226447744,263.816584356149519873
137258509,75,0.023433350533622248,-38.450616514227961788,1651.501398545667580218657748,263.816584356149519873
137260990,8,0.023726276077235772,-38.652283563765626871,1639.61476267282265558569445,263.816584356149519873
137801052,5,0.007988567049722102,-12.951469316610060463,1635.641433881729594759080847,263.816584356149519873
137815606,3,0.009,-14.553505646255210832,1631.139305178401230116322604,261.135040848229944779
137867173,3,0.000692,-1.117342527107614432,1630.793705211210724495418792,261.135040848229944779
137904969,3,0.0056,-9.033375547323948157,1628.00097893678004006109491,261.135040848229944779
138155814,9,-0.004846821196458186,7.976306374227268715,1630.442114553206552406935077,261.135040848229944779
138165338,13,-0.000955841016833327,1.574418,1630.924178746802603766753381,261.135040848229944779
138182697,54,-0.009685630562883006,15.980024298866322986,1635.816573765663166649105856,263.816584356149519873
138214011,10,-0.009634943055547833,15.943752311635640777,1640.659881289087954576246164,263.816584356149519873
138708184,208,0.011661401815816837,-18.907546085157471275,1634.852489638807392978128623,261.078807940988298598
138979654,8,0.006266568792052568,-10.132730914651351838,1631.715481209702245313559656,261.078808188309138932
138988667,111,0.01063073487236678,-17.144953251799095148,1626.414408818679381336903063,261.078808188309138932
138989405,148,0.03035432542229242,-48.64919832844843444,1611.419453346506293597160745,261.078808188309138932
138996150,5,0.0014,-2.232951506719780756,1610.732866152553744817816521,261.078808188309138932
139011439,3,0.005,-7.967065299649710536,1608.284347756804624741879232,261.078808188309138932
139021136,11,0.00623719546669959,-9.921461563056742074,1605.237788500338561086748961,261.078808188309138932
139021514,3,0.000862605,-1.370659652782139589,1604.817130420008960219483262,261.078808188309138932
139050363,3,0.00005,-0.079437844599555402,1604.792752482889147941531409,261.078808188309138932
139073774,3,0.0011001,-1.747486157658125724,1604.25652963800780242738929,261.078808188309138932
139075255,70,0.016205898598716249,-25.675568408165894995,1596.437112831107962839257263,263.026661287458628367
139075693,44,0.00003,-0.04741396833724086,1596.42270789100703477265704,263.026661287458628367
139083065,30,0.015005289912037819,-23.661842485892922455,1589.242061426078488927114712,263.026661287458628367
139084035,57,0.00981972580592561,-15.427131255875001818,1584.569114752787384857820389,263.026661287458628367
139084148,32,0.002,-3.136506978331533028,1583.619894446592018612373794,263.026661287458628367
139084968,48,0.018971431804583517,-29.658823327327182954,1574.658122580852722263614169,263.026661287458628367
139086603,100,0.0001,-0.155888825810795632,1574.611086069310351865088951,263.026661287458628367
139287006,5,-0.009375689465645034,14.933308976724535459,1579.07499774722859381290586,263.026661287458628367
139422256,16,0.0171928433733257,-26.80836499836149363,1570.989109960740814816884547,266.974160866452384622
139729690,4,0.0001,-0.155525636000271567,1570.942930788149604709151535,266.974160866452384622
139747247,3,0.000659,-1.024799618328615088,1570.638660956696261251163924,266.974160866452384622
139753608,4,0.011,-17.076649274210183982,1565.572826944575273587397572,266.974160866452384622
139934938,27,0.026736955416873219,-41.278131656515964081,1553.361353417293687283218069,266.974160866452384622
140028429,39,0.011059625641285858,-16.980352454180697076,1548.351867648544235403010947,266.974160866452384622
140029817,66,0.011658591706506581,-17.840736153132135876,1543.097270398860702166798867,266.974160866452384622
140038093,18,8.08841085749E-7,-0.001235639121303607,1543.096906777789899420858235,266.974160866452384622
140044023,3,0.00013,-0.198592811195802267,1543.038465893685015850232723,266.974160866452384622
140046199,3,0.0005,-0.763748415022680583,1542.813724200070753146892246,266.974160866452384622
140365088,81,-0.022823807221014929,35.688408980389011623,1553.227564351844368088621878,266.974160866452384622
140365108,53,-0.023630306903290503,37.203762911266341593,1564.120873811780638584702957,266.974160866452384622
140400482,3,0.0007925,-1.227027523022349564,1563.757356590452498871846472,266.974160866452384622
140475984,3,0.002,-3.095331770919423113,1562.840526236737801672315587,266.974160866452384622
140478340,10,0.002030511036138467,-3.140696409597884346,1561.910533765028769061163298,266.974160866452384622
140480162,3,0.000789,-1.219882881803026931,1561.549388543485291806477994,266.974160866452384622
141001189,19,-0.032116435023247199,50.899776003893656479,1576.542801333469289593582795,263.696306580053961968
141009898,10,-0.012536247429719204,20.001321356629601771,1582.511548574408118882471767,263.696306580053961968
141108161,109,-0.035294819136901038,56.720655534296233781,1599.499330203826707506487438,263.696306580053961968
141111049,40,-0.043506269281779644,70.760489881082099356,1620.952161277666728414011836,261.748453480904472533
141112679,36,0.00062,-0.994846511000495724,1620.646129481327683471985375,261.748453480904472533
141112747,2,0.034881479690852082,-55.669559299340518638,1603.567263824773824887549966,261.748453480904472533
141113369,22,0.030775089608261032,-48.631297776908547069,1588.826923797875928264412988,263.696306580053961968
141462359,4,0.003989999999999999,-6.27228009406107007,1586.931265358103341351583696,263.696306580053961968
141462610,3,0.00404,-6.343257596934110196,1585.015306359117988380295097,263.696306580053961968
141467141,3,0.00382,-5.990790340168628082,1583.206871503906291614397068,263.696306580053961968
141480248,120,0.019562999999999999,-30.573206995741727538,1573.993839468754598797926747,263.696306580053961968
141481542,3,0.00375,-5.840190076789547568,1572.236995437400968818073037,263.696306580053961968
141481572,3,0.0072,-11.19499531392007266,1568.907244487975431678322042,267.643806159047718223
141867276,64,0.018016179089464952,-27.909386930894191481,1560.657325609017964108839425,267.643806159047718223
142172230,7,-0.02558345528755124,40.483208372458776651,1572.529923839601160389090546,263.696306580053961968
142179927,182,-0.011765806338416639,18.722098468971418441,1578.109482535105304831561327,263.696306580053961968
142249058,75,-0.019920274233368624,31.849491758295513515,1587.623968595476963141320574,263.696306580053961968
142249058,162,-0.020534040807038184,33.032121478507321044,1597.521952767780165430219553,263.696306580053961968
142263516,7,-0.00773532235885389,12.496820984078377268,1601.274610276422763739159866,263.696306580053961968
142274349,60,-0.016831652355576713,27.294379913645168267,1609.534449989041234854388729,261.748453480904472533
142658925,9,-0.000440895167126676,0.716852443337555851,1609.752008285261429577844936,261.748453480904472533
142666713,9,-0.024508805559861487,40.001894041754446967,1621.915525994727193772026796,261.748453480904472533
142812839,9,-0.01643882884316959,27,1630.151391024590750595009727,261.748453480904472533
143026255,38,-0.033923383110224097,56.151224582035834291,1647.224533563612019209763652,264.429996988824047627
143051461,20,-0.023963991049245168,40.02,1659.409065671904927320732769,264.429996988824047627
143061175,143,-0.015571389032060908,26.163067064478879846,1667.398971944078015487344263,264.429996988824047627
143088128,13,-0.008038691703981232,13.555923601455477963,1671.545918663459875372027248,264.466023598095447094
143092760,49,-0.021400656021822784,36.253454846609903616,1682.66129201867264278402695,264.466023598095447094
143116176,4,-0.011873072964903336,20.217393949757307185,1688.875979280785603132229417,264.466023598095447094
143116230,5,-0.01081454396587877,18.479968150064277695,1694.566614901457392450462887,264.466023598095447094
143140106,45,0.000001331141068506,-0.002233149684193827,1694.565919705524352438187917,264.466023598095447094
143146760,3,0.000862605,-1.44693129154249562,1694.115509324412051605877881,264.466023598095447094
143147813,6,0.000596412504030311,-1.000195845066832488,1693.804196714390873626615185,264.466023598095447094
143150422,9,0.0000025707124962,-0.004310739071193799,1693.802855051640218869843434,264.466023598095447094
143168795,107,0.013205404169505345,-22.098718886288271451,1686.931893247666313262647707,264.466023598095447094
143173604,18,0.01,-16.674988010521325823,1681.756528818014995968625496,264.466023598095447094
143295773,122,-0.008565036889514005,14.569154501799677967,1686.232630075451627663644648,264.466023598095447094
143295816,7,-0.022964805821441672,39.2551307070064642,1698.322645298619873677821715,264.466023598095447094
143336922,92,-0.013015290336679774,22.372932415976042451,1705.273383070837372742755787,261.042769596490824408
143339936,38,-0.015977791080674752,27.591458203397410045,1713.926549919994097891096869,261.042769596490824408
143342994,161,-0.012095858553440891,20.98106974522883602,1720.521240303623034254188644,261.042769596490824408
143343466,172,-0.038168921626009272,66.738546258881385809,1741.58271197245204256221525,261.02927519976940193
143347456,79,-0.032332239447259297,57.173588262699932939,1759.72826920804525688848704,261.02927519976940193
143348233,2,-0.002811663263951268,5,1761.319623700045173115999868,261.02927519976940193
143348344,40,-0.014020288504367049,25,1769.287184465084406355193395,261.02927519976940193
143390019,186,-0.003416617620944569,6.109401757641837036,1771.23699955271646005471105,261.02927519976940193
143391732,190,-0.009163410169041965,16.427282785494559983,1778.452391398807121552331598,186.378641976416222321
143391979,4,-0.00111304713609436,2,1779.348529336160720375074817,186.378641976416222321
143393219,96,-0.011388299487198125,20.521331398363780076,1788.556541134910048178522838,186.378641976416222321
143393833,25,-0.008170089653499878,14.787684609142860694,1795.206572435744697590226521,186.378641976416222321
143399270,69,-0.032651818225974825,59.651629623109810978,1822.157196513651795058029511,186.379123338011310067
143529959,23,-0.006002734352657063,11.06362014549477133,1827.177811847515566891652347,186.379123338011310067
143539196,6,-0.005411930152450923,10.000856289591643613,1831.722094067265058833708423,186.379123338011310067
143578250,46,0.023643565078469827,-42.646132002645847276,1812.188611330724185587708048,186.379123338011310067
143579099,9,0.020542371231413846,-36.683985587871643759,1795.469754367465277613621947,186.378641976416222321
143579120,80,0.010907557319753023,-19.340865096317818804,1786.686273221744490889757322,186.378641976416222321
143618499,123,0.009972789994152134,-17.600654313832495234,1778.711810908902251359039259,186.378641976416222321
143711223,12,-0.002583720242257169,4.644830498409368515,1780.793513699816067873314634,186.378641976416222321
143896031,2,-0.006235919710691094,11.232915949629656538,1785.832872249414863637482801,186.378641976416222321
143906333,13,-0.014358819681100194,25.98606944036020045,1797.518142016909057482855889,186.378641976416222321
144106922,144,-0.016204299081107055,29.530592576077309573,1810.843540642160551768541398,186.379123338011310067
144108348,19,-0.009850652326527042,18.058787821077445016,1819.016629029722147804678378,186.379123338011310067
144111378,157,-0.01217167053366766,22.42657686693234893,1829.192119098700493977885027,186.379123338011310067
144111392,85,-0.003953029131228296,7.310520103004238663,1832.515215757588490118512376,186.379123338011310067
144118163,80,-0.020256490334341011,37.670552786508591763,1849.689379357494468784066455,186.292945497943757034
144157293,200,0.007717841774171674,-14.107968368454604854,1843.181439036040847000642503,186.379123338011310067
144170648,114,0.012885848827022349,-23.444554509888335117,1832.396391534455758417012791,186.379123338011310067
144171990,26,0.0007932,-1.438662778270040266,1831.735603311666067720966519,186.379123338011310067
144174829,3,0.000200754148730888,-0.364034622436076458,1831.568418467487367563820801,186.379123338011310067
144210498,44,0.01688695922648966,-30.503227725223882289,1817.586753255574753275411959,186.379123338011310067
144211459,68,0.011878514455614774,-21.316986138254539244,1807.847555946553675594880045,186.379123338011310067
144212221,159,0.009530427564608205,-17.020628599131769877,1800.090022853265015431619555,186.378641976416222321
144212266,124,0.004632270710091411,-8.246510293215946265,1796.337488672860051771074713,186.378641976416222321
144227835,27,0.011345622561391821,-20.125356518966736841,1787.195981239756100332065069,186.378641976416222321
144567408,26,0.014806708830227339,-26.111047970802108847,1775.370357972471479989005655,186.378641976416222321
145121747,4,-0.000557559839232703,1,1775.818010358172446448979785,186.378641976416222321
145157820,6,-0.002228277538826487,3.999,1777.608736292149463676103822,186.378641976416222321
145184123,8,-0.014042044811120797,25.293741693415094966,1788.95601273912346693463135,186.378641976416222321
145360074,203,-0.012477478800295704,22.61115759520761661,1799.130390448803080326126831,186.378641976416222321
145367141,48,-0.010263384683954401,18.695351745220899943,1807.564555046262991086238494,186.379123338011310067
145434407,28,-0.000410809753882474,0.750136104040864806,1807.903379894885430529252031,186.379123338011310067
146085445,3,0.00001,-0.017898203037361143,1807.895213520628141684605128,186.379123338011310067
146086511,8,0.000001,-0.001789815857151356,1807.894396886245661791487827,186.379123338011310067
146090791,3,0.0011,-1.968307996485469375,1806.996433064522822008238332,186.378641976416222321
146148081,85,-0.016377109725562724,30.004375469298874865,1820.571581013859780820716666,186.379123338011310067
146148791,211,-0.013236939942864025,24.416208768708234759,1831.655914108863071919565583,186.379123338011310067
146227264,7,-0.003152676927304261,5.837174606971530262,1834.310824357414013136099146,186.379123338011310067
146234885,8,-0.002696888811198131,4.999999999999999494,1836.586493022665396455260381,186.379123338011310067
146247891,22,-0.005051943244770081,9.382950733018871347,1840.860798121762668539421948,186.379123338011310067
146250866,65,-0.002206222143013428,4.104456148340965499,1842.732102128445117181060469,186.379123338011310067
146252422,39,-0.010718380071118383,20,1851.867806099360102366671573,186.292945497943757034
146321751,37,0.005288999960982373,-9.684869307936519178,1847.39613417281299938805289,186.292945497943757034
146404143,99,0.008189115116123058,-14.949294777089512882,1840.505954325702491079668852,186.379123338011310067
146407796,9,0.00192524912545539,-3.506459778724437983,1838.892060466076657755547329,186.379123338011310067
146412394,9,0.001,-1.820088559649985377,1838.054620050737753565368168,186.379123338011310067
146416818,4,0.00011,-0.200159134113070993,1837.962536530900517524873193,186.379123338011310067
146417516,32,0.014271360609334359,-25.883803792307785873,1826.074088495224693080410611,186.379123338011310067
146433933,98,0.013368783255051664,-24.095147769498949686,1815.041838817009204611059831,186.379123338011310067
146446985,3,0.00014,-0.25155682909720558,1814.926836846044663476360705,186.379123338011310067
146521481,4,0.0000993,-0.178416003416061557,1814.8452742163330072450323,186.379123338011310067
146524292,3,0.001187,-2.132106440078508714,1813.870726515762637432032419,186.379123338011310067
146544785,4,0.000993,-1.782761412591505965,1813.056059092459461133333077,186.379123338011310067
146544813,6,0.006863373950989576,-12.300151141724499788,1807.440252979029921376874915,186.379123338011310067
146686110,38,0.005,-8.936738581307905031,1803.365513166381614375541009,186.378641976416222321
146819038,8,-0.003474921204408066,6.334867238233977906,1806.224554766504156647668601,186.378641976416222321
146841451,25,-0.004590665425738758,8.384304606082062072,1810.012020141714574637932199,186.379123338011310067
146861090,50,-0.005275299535433861,9.656431664941485088,1814.37905890486729269549538,186.379123338011310067
146897588,3,-0.006792746358596568,12.468464246997989383,1820.025598803735610326427933,186.379123338011310067
146991924,4,-0.000608495410484818,1.118819695268503482,1820.532702790465059679132496,186.379123338011310067
147007531,6,-0.000973414778153195,1.790432761004774656,1821.344361740312637874137083,186.379123338011310067
147015977,3,-0.005344311620302236,9.844200150656966599,1825.810275891462305631692156,186.379123338011310067
147021525,5,-0.001567494015228339,2.89189448,1827.12325025905658492389681,186.379123338011310067
147082402,8,0.004906171252721061,-8.86466300456460771,1823.059404700757344319667281,186.379123338011310067
147170287,7,-0.005875566150818251,10.834286372368212895,1827.977095595686640877734724,186.379123338011310067
147189549,6,-0.011509011108772279,21.306969131375060559,1837.667667597169053397708955,186.379123338011310067
147194785,9,-0.01096140966806166,20.398327445251931156,1846.970417577004800535505412,186.292945497943757034
147256157,21,-0.010158753391746619,18.996961712540541391,1855.657875002057753113202481,186.292945497943757034
147257207,204,-0.01160806535694215,21.816739848434813169,1865.659985024025033360291201,186.292945497943757034
147274168,8,-0.005626505460782044,10.617028248203543297,1870.537196169367610791570199,186.292945497943757034
147376835,28,-0.006935882918753537,13.12601167245917496,1876.575776131995256398159886,186.292945497943757034
147449523,7,-0.010532800588030864,20.014139137406513938,1885.753152125730412174663806,188.254088923407316611
147722944,12,-0.006342766006612953,12.09941082821696462,1891.283411184022107162998271,188.254088923407316611
147999285,4,0.0001,-0.187232775664861295,1891.196906267001318126811708,188.254088923407316611
147999387,4,0.00002,-0.037445527471009949,1891.179605995790883429366737,188.254088923407316611
147999518,16,0.000574130418157009,-1.074784780405354579,1890.683076600165235095646919,188.254088923407316611
147999565,4,0.0001,-0.187173344579702515,1890.596612867224656063528365,188.254088923407316611
147999782,4,0.0002,-0.374321010898639646,1890.423703193908844669279453,188.254088923407316611
147999926,8,0.000574081780055945,-1.074264214818284362,1889.927513473090527680200679,188.254088923407316611
148000120,4,0.00012,-0.224517229117471913,1889.823819893244290335613044,188.254088923407316611
148000946,4,0.0001,-0.187088281083056626,1889.737415095552551130414599,188.254088923407316611
148000963,4,0.0001,-0.187079727301409107,1889.651016223507147695322804,188.254088923407316611
148040149,4,0.0001,-0.187071174106373755,1889.564623276566250830091759,188.254088923407316611
148065133,4,0.00007054,-0.131954861832348402,1889.50368525541851670686501,188.254088923407316611
148065224,4,0.000063154,-0.118134713115327731,1889.449130345187584786542932,188.254088923407316611
148065271,181,0.002,-3.739399694800312582,1887.722673105730205949881196,188.254088923407316611
148065293,16,0.000478932908645106,-0.894953651078855959,1887.30959568412938685937367,188.254088923407316611
148065559,12,0.001004981265140033,-1.87731264790137176,1886.44324462717467310183538,188.254088923407316611
148065671,6,0.000518708038667302,-0.968613383898045648,1885.996322157087262589332025,188.254088923407316611
148065752,4,0.0002,-0.37341021577921187,1885.824043183538932859652768,188.254088923407316611
148065755,4,0.002,-3.732226939108226228,1884.102550985383760997670229,188.254088923407316611
148067375,7,0.000006,-0.011191553824881702,1884.097390055760802902617202,188.254088923407316611
148067600,5,0.0001,-0.18652138395451673,1884.011377683829510746749564,188.254088923407316611
148067705,7,0.001073620435654571,-2.001995363654287868,1883.088302235203859432498627,188.254088923407316611
148067714,18,0.000569107980159999,-1.060826001081490455,1882.599270686632805615113072,188.254088923407316611
148068155,36,0.000590358354342097,-1.100145929511605834,1882.092180076170870364567512,188.254088923407316611
148082870,4,0.0005,-0.931529367188758673,1881.662863353543018833516704,188.254088923407316611
148083219,7,0.0001,-0.186280374060540107,1881.577017636509533084200028,188.254088923407316611
148083463,403,0.0006,-1.117503776659817406,1881.061448859586754883906276,186.292945497943757034
148083470,18,0.000341770441134782,-0.636412157372985673,1880.765131946412972971141524,186.292945497943757034
148083480,14,0.0001,-0.186191456990534129,1880.678444618843824529101447,186.292945497943757034
148083679,7,0.000847418936341842,-1.577477226255577909,1879.944080319150636549285341,186.292945497943757034
148083759,7,0.000267680056560473,-0.498160577038192429,1879.712201000753474590998792,186.292945497943757034
148083782,7,0.000548435916644556,-1.020463721129406159,1879.237249351791385146849375,186.292945497943757034
148083914,4,0.0054,-10.033920053105119158,1874.570385325001034184400421,186.292945497943757034
148114173,10,-0.000034930303065552,0.066141255810094636,1874.600821765158689006912086,186.292945497943757034
148115729,27,-0.000998545134554684,1.89122024548123173,1875.471215374401015679588348,186.292945497943757034
148115843,10,-0.000289768288303783,0.548978478665166345,1875.723908792329285672120757,186.292945497943757034
148116053,7,-0.000400116084200525,0.758158710853713249,1876.072915334067516238442338,186.292945497943757034
148122571,10,-0.000015727870282977,0.029804787225575281,1876.086636166405030839636887,186.292945497943757034
148122801,7,-0.001838085218804078,3.484728750112276277,1877.691200130367691340059866,186.292945497943757034
148123434,10,-0.000099339777238046,0.188417914879910873,1877.777977818807531503537341,186.292945497943757034
148123591,7,-0.000527168423976722,1.000026927341553917,1878.23858343142995499138276,186.292945497943757034
148123638,10,-0.000085581626018951,0.162369608470778349,1878.313375100729111680382236,186.292945497943757034
148136323,8,-0.00057622502732164,1.093410390047844246,1878.817067172657153685123268,186.292945497943757034
148137234,23,-0.000526926613233616,1.000121317528901784,1879.277843690635428897105806,186.292945497943757034
148137854,10,-0.000577327226391665,1.096064690193873184,1879.782888184074010754706638,186.292945497943757034
148138077,9,-0.000288548032596672,0.547923314840304202,1880.035385630614362057557127,186.292945497943757034
148138485,12,-0.000170500461525754,0.323797597905797668,1880.184608034751466918370433,186.292945497943757034
148139021,10,-0.000289220900627994,0.549318479907426473,1880.437775478007428813829845,186.292945497943757034
148139080,11,-0.000225640361373002,0.428611056600723184,1880.635323661266486918884785,186.292945497943757034
148139100,10,-0.000099690466399311,0.18937955902005776,1880.722612600464322169996397,186.292945497943757034
148139726,7,-0.001247788051457092,2.37113353331794738,1881.808448200174570029142032,188.254088923407316611
148139834,22,-0.00099495044520266,1.891652033263595697,1882.671624533793240080334983,188.254088923407316611
148139841,9,-0.004370693828993901,8.320079714280525633,1886.470494807441697107193704,188.254088923407316611
148545520,10,-0.000232246109672887,0.442574657448123402,1886.672677491943946915151475,188.254088923407316611
148545647,53,-0.000262992327791697,0.501222777157231073,1886.90166565225111902987764,188.254088923407316611
148545767,53,-0.000174061590573521,0.331767976708808076,1887.053244496780878627596308,188.254088923407316611
148545816,10,-0.000290071931753977,0.552947294317157522,1887.305889737925404645888114,188.254088923407316611
148546022,18,-0.000329131428337339,0.627493804808726773,1887.592616253038815277208459,188.254088923407316611
148547582,39,-0.000104891467152179,0.199997123151269535,1887.68400735470665986184151,188.254088923407316611
148547688,10,-0.0053979947592705,10.305473413858413057,1892.396212026740362660050522,188.254088923407316611
148547697,23,-0.000102862148010981,0.196626834556552241,1892.486177269577611905619354,188.254088923407316611
148547947,16,-0.009628237365661709,18.446401900795681947,1900.935711012164097354790376,188.254088923407316611
148550066,7,-0.000624987668548135,1.200235729056699064,1901.486141489512218477673696,188.254088923407316611
148551502,10,-0.000174107271039767,0.334420116186908026,1901.639521409054612679154653,188.254088923407316611
148551607,18,-0.000174093228378523,0.334420116127473371,1901.792907514376320145990725,188.254088923407316611
148551629,25,-0.001352400282487538,2.598779078337412101,1902.985081912687895981960864,188.254088923407316611
148579255,16,-0.002573584547563238,4.949914580192144185,1905.256859054600964312930699,188.254088923407316611
148579403,36,-0.004671388861256684,8.99984458752555252,1909.390834929813786779999242,188.254088923407316611
148717032,36,-0.00402095100400357,7.762362965260039526,1912.959986125507324300486344,188.254088923407316611
148718055,169,-0.010237295503963524,19.828510848221762272,1922.092062074551660468292911,188.269661385025160317
148724211,18,-0.000001822249274247,0.003537911466078831,1922.093693318803244449311566,188.269661385025160317
148724323,8,-0.000515232398550811,1.000448260234672496,1922.555003261032477921367043,188.269661385025160317
148724341,7,-0.004929764617820689,9.58448249905411167,1926.977244488120290735110992,188.269661385025160317
148724975,11,-0.032851813798977512,64.437718917147697254,1956.840435805875223961147272,188.269661385025160317
148725787,7,-0.001011570416999727,1.999952011793780634,1957.7709730317430745826294,188.269661385025160317
148726568,43,-0.006059759267057443,12.00071936232925125,1963.417179627574868314206016,186.301009062187272647
148727221,22,-0.001008224053429776,2.000039636052807875,1964.35917107561015367855833,186.301009062187272647
148727314,37,-0.007059890317736976,14.031809859929470525,1970.974314938704558111169473,186.301009062187272647
148727374,29,-0.001004313273932951,1.999949015644793355,1971.918074509133332001910778,186.301009062187272647
148727392,13,-0.000501976387367854,0.999974506723788593,1972.390039004688442128357248,186.301009062187272647
148727407,9,-0.001967332898484617,3.921382314713083498,1974.241384372930059710374143,186.301009062187272647
148728279,82,-0.012854694874408031,25.713449587172062823,1986.402620499289743530831816,186.301009062187272647
148729262,71,-0.024301255185797727,49.04773596285991274,2010.159449727935568946857838,179.633296926104407713
148736225,14,-0.007165933198868719,14.57624037588125476,2017.369329544755121717208082,179.633296926104407713
148816667,8,-0.008948673914211556,18.276024356939319289,2026.427478747018998870765905,179.633296926104407713
148817139,52,-0.01594466035630987,32.768,2042.719092679320018134503473,179.633260227078668958
148817167,42,-0.006533577164427158,13.50327123287097662,2049.451636003730472323783643,179.633260227078668958
148817982,24,-0.008242736489721364,17.099247671797328927,2057.992977113497411105255904,179.633260227078668958
148829789,54,-0.012531662217434745,26.13328478434286639,2071.081277158338942196762476,179.633260227078668958
148836533,74,-0.014074133001784897,29.548462662769180559,2085.929989211733563962619141,179.632778865483581212
148848200,15,-0.003404945774706754,7.180436915464208237,2089.546322478302842975758521,179.632778865483581212
148848288,8,-0.004223445849871171,8.923818895950619007,2094.045052372547271651427045,179.632778865483581212
148848359,23,-0.003398710963926818,7.195172950738888887,2097.6758494735810816350513,179.632778865483581212
148849709,402,-0.006564489307266598,13.932582652833032855,2104.715390123127309038237685,179.632778865483581212
148849736,11,-0.003194315528139752,6.79658012365872553,2108.153691891867856944631542,179.632778865483581212
148923495,11,-0.000469592346445726,1.000092604705706497,2108.659862611212845940469926,179.632778865483581212
148923532,7,-0.001561366554984741,3.326975380607027417,2110.34416146213776778279416,179.632778865483581212
148923663,7,-0.001479774473817022,3.155571358729270701,2111.942307452862523701719136,179.632778865483581212
148969674,15,0.0001,-0.209076993060930199,2111.835331496381288789225614,179.632778865483581212
148969854,4,0.0001,-0.209066402843569187,2111.72836366765434857275586,179.632778865483581212
148969856,4,0.001,-2.090081743454020968,2110.659132225786497806839327,179.632778865483581212
148969908,17,0.00025,-0.52235507053398016,2110.391951252187373929016666,179.632778865483581212
148969908,28,0.0003,-0.626738806008436082,2110.071401045083901503784153,179.632778865483581212
148969909,8,0.0002,-0.417772984574431862,2109.85774147929663559718394,179.632778865483581212
148969909,34,0.0001,-0.208870628867648443,2109.750923865622632076970057,179.632778865483581212
148969939,45,0.0001,-0.208860054325431525,2109.644114363666452920152701,179.632778865483581212
149025760,9,0.0001,-0.208849480586234016,2109.537312972606781638766478,179.632778865483581212
149025784,4,0.0005,-1.044088824943195959,2109.003427652017241611964559,179.632778865483581212
149025823,25,0.008535505288746762,-17.782978939746314196,2099.920638843435248669324957,179.632778865483581212
149050925,4,0.0012,-2.493949896095804166,2098.64840255708692036830365,179.632778865483581212
149050928,17,0.0012,-2.492439166086830651,2097.377322096557543232317138,179.632778865483581212
149050938,5,0.0012,-2.490929808367318903,2096.107396062181677208411625,179.632778865483581212
149050939,14,0.0012,-2.489421821275724875,2094.838623056411924584962252,179.632778865483581212
149050941,5,0.0012,-2.487915203153018474,2093.571001683815085004815859,179.632778865483581212
149054321,24,0.0005,-1.03618699818532135,2093.043165672298136421831891,179.632778865483581212
149054330,5,0.00067,-1.388081039632369645,2092.336178322005478473108043,179.632778865483581212
149202331,64,0.032,-65.754762987357581619,2058.982368071233253684247441,179.633260227078668958
149391866,112,-0.006814031118610391,14.196121855720280847,2066.088752836988087177281258,179.633260227078668958
149492336,16,0.000087439378687569,-0.178847024168421319,2065.998243227259766160514719,179.633260227078668958
149493581,29,0.000078431776905942,-0.160416362400635742,2065.917062560267982675990317,179.633260227078668958
149494363,4,0.001,-2.044745686497326197,2064.882433671187516787930628,179.633260227078668958
149494499,4,0.0011,-2.248037682674977093,2063.745239335068417033754894,179.633260227078668958
149499113,8,0.000009190582220774,-0.018777306894920174,2063.735741949041882814658958,179.633260227078668958
149499283,5,0.00017361,-0.354686893698243812,2063.556348744005209660468045,179.633260227078668958
149507448,41,0.001,-2.042409457437344016,2062.523492524907305416881072,179.633260227078668958
149507478,34,0.003,-6.121098576985810004,2059.429572310996674497901533,179.633260227078668958
149521833,6,0.0006,-1.223117621447195557,2058.81162370494361265572266,179.633260227078668958
149522089,10,0.0002,-0.407624314798574999,2058.605702642065448560840407,179.633260227078668958
149523351,9,0.001,-2.037510156617284429,2057.576560593126786894667881,179.633260227078668958
149523593,42,0.014708270216809715,-29.85099741865270891,2042.52838508331841910327358,179.633260227078668958
149523808,4,0.006,-12.114513974044283,2036.437097341424978964285059,179.633296926104407713
149615712,7,-0.001458479061128427,3.00120150812858811,2037.930196316557963750168954,179.633260227078668958
149618650,8,-0.000287550715413712,0.591970339708950774,2038.224766462781650040607324,179.633260227078668958
149718756,13,-0.001003227629846234,2.065978893711240086,2039.252984261193822677703003,179.633260227078668958
149718772,6,-0.001396150787490863,2.876873014798403708,2040.685208166034777412708446,179.633260227078668958
149855340,13,-0.003970263160651842,8.19207553626769672,2044.766309371438858354071606,179.633260227078668958
150034596,13,-0.009659682533152995,19.999938969567366586,2054.746938917592790500865325,179.633260227078668958
150035512,13,-0.012008777646112047,25,2067.256934222632046021604467,179.633260227078668958
150036052,339,-0.010336370082008659,21.640387000385683298,2078.116436418255995474411134,179.633260227078668958
150050818,15,-0.016198195735460963,34.142102313699850868,2095.30739649818887366925294,179.632778865483581212
150116552,62,0.016047773736116244,-33.154544458433555848,2078.444395614887261795579175,179.633260227078668958
150153840,59,0.009331948168188661,-19.157058184902263751,2068.731851319611844694798615,179.633260227078668958
150156387,132,0.008570039926624001,-17.514198664450337201,2059.872133680845905117594546,179.633260227078668958
150320132,5,0.0099125,-20.164301734152089244,2049.695382406707954673752723,179.633260227078668958
150405102,246,0.015922905185089842,-32.182872557262551721,2033.505170617286024709991928,179.633296926104407713
150412182,99,0.014952240953570237,-29.989961596789711657,2018.47593042356269415763181,179.633296926104407713
150414160,121,0.032,-63.444655202901799073,1987.242720212979286675679562,186.301009062187272647
150643201,2,-0.004975845503840829,10,1991.983330054146053268629277,186.301009062187272647
150654855,66,-0.007362821759190227,14.840993271721164211,1999.088399840508592646624162,179.633296926104407713
150734598,23,-0.018118049649950405,36.751171323156860401,2017.241387441970417208160684,179.633296926104407713
150756774,6,-0.009791355214883826,20,2027.154724283875480713674589,179.633296926104407713
150758679,109,-0.006920509508668621,14.195272901328752159,2034.205594076992745012291387,179.633296926104407713
150821557,20,-0.016359700578734443,33.753792281791423013,2051.020448861351272834514075,179.633260227078668958
150973077,145,-0.010518957947459356,21.850470187424061875,2061.942425389968213285026594,179.633260227078668958
150995518,38,0.0161997,-32.93529747038028208,2045.324935073366231800813448,179.633260227078668958
151013161,75,0.0066732165999966,-13.489969777252942356,2038.537985061666479012196063,179.633260227078668958
151030634,106,0.014425916479690178,-29.009566955951109833,2023.981168100796205486749315,179.633296926104407713
151030636,28,0.021310398395251381,-42.476093066858266775,2002.761033896505874850215773,179.633296926104407713
151076483,105,0.002264659968966044,-4.48771038050642945,2000.525602712810744877986536,179.633296926104407713
151077213,71,0.006166378484800288,-12.194262625467977271,1994.564249740982512129075412,186.301009062187272647
151077866,101,0.008452615718363172,-16.657277455704841195,1986.585995417035666466768061,186.301009062187272647
151079559,97,0.012567455318296512,-24.643314045448760806,1974.812032512253864961294052,186.301009062187272647
151080134,113,0.006779453222555666,-13.233078853418642373,1968.504037424782121076099855,186.301009062187272647
151083768,91,0.007605588078492169,-14.795383924398624023,1961.463264724930036864310387,186.301009062187272647
151166446,2,-0.005041203584031126,10,1966.173043848010540329937009,186.301009062187272647
151350636,26,0.008,-15.542791704783724291,1958.781316644781356511777686,186.301009062187272647
151351650,124,0.011207098365922031,-21.676097564799783047,1948.594079862163297808937571,188.269661385025160317
151364280,155,0.010025721992836386,-19.295796976969679056,1939.556157572629427630849877,188.269661385025160317
151376924,32,0.013241810521931222,-25.348669222407351955,1927.715069056898533840835472,188.269661385025160317
151454512,71,-0.011247306140241165,21.958202821860191528,1937.867586648570624508241516,188.269661385025160317
151460936,4,-0.001016332851763029,1.989885491195948362,1938.788940796550242133930212,188.269661385025160317
151461447,4,-0.00254193330342247,4.981013897747780148,1941.096203362334936015045759,188.269661385025160317
151475525,12,-0.002924838556650919,5.738668283877370522,1943.756121092884966314173221,188.269661385025160317
151712978,177,-0.006512894141811545,12.806883877011027087,1949.698779545214439781930352,188.269661385025160317
152018978,30,-0.002848764132241811,5.614086235160664792,1952.306691006397399155960843,188.269661385025160317
152031908,3,-0.002382568946690611,4.701118894559068995,1954.491842628312907362879148,188.269661385025160317
152050948,111,-0.006977865980633299,13.798604198409330856,1960.944689331382119439897948,186.301009062187272647
152068839,81,-0.007131021809216976,14.148769356414823627,1967.609224359169233467196976,186.301009062187272647
152105690,29,-0.007533692471664539,15,1974.687063691397364718504961,186.301009062187272647
152108139,75,-0.009807824810025561,19.608888184413093172,1983.958798115826965190833033,186.301009062187272647
152120970,7,-0.004534575081937827,9.097145591819062063,1988.267605333667659151850472,186.301009062187272647
152214765,14,-0.001431996498528281,2.876937806885908608,1989.631222057708375245975267,186.301009062187272647
152216069,135,-0.009516181446061747,19.168647930171090151,1998.776713276728216438632075,179.633296926104407713
152236680,106,-0.008973108978059073,18.156954426719231108,2007.734263507115294315745142,179.633296926104407713
152243418,146,-0.008655519356428784,17.591498596957700179,2016.431952840862556335623061,179.633296926104407713
152254719,5,-0.000539450037927263,1.0989,2016.975901103275813619033061,179.633296926104407713
152261010,3,-0.000953957786092849,1.944008969119490001,2017.938352412798023726652064,179.633296926104407713
152315775,161,-0.008477472325956625,17.316525518356435249,2026.521649341471226815044218,179.633296926104407713
152352707,156,-0.01014979870180042,20.829534013959010215,2036.870375991460637102529536,179.633296926104407713
152353446,121,-0.006231695038833045,12.841474255688903814,2043.263533262157734674711313,179.633260227078668958
152472226,4,0.006,-12.118870983720012003,2037.16895895843609267078834,179.633296926104407713
152501576,13,0.000443288162414081,-0.893923784649363046,2036.719765699436259482293831,179.633296926104407713
152507498,3,0.0074,-14.8935967144732769,2029.24307756052037204940806,179.633296926104407713
152573142,3,0.001,-2.008452018567873511,2028.235872840414115845280454,179.633296926104407713
152600745,3,0.001,-2.007455257055661425,2027.229417815838614183885202,179.633296926104407713
152603430,4,0.000005523,-0.011084409002815036,2027.223861245075059129418366,179.633296926104407713
152603433,15,0.000005347,-0.010731156087989911,2027.218481765867390805957198,179.633296926104407713
152603437,6,0.000005523,-0.011084349207132008,2027.212925240066787215168497,179.633296926104407713
152628924,12,0.010035196735216283,-20.090018745556459215,2017.154419670198172195149283,179.633296926104407713
152638802,7,0.01190935421066,-23.71287429808929638,2005.314241971689722485811205,179.633296926104407713
152640786,91,0.010071764922532247,-19.945581014853724026,1995.455632017562548625482326,186.301009062187272647
152643071,158,0.015591747863226868,-30.687934252346151825,1980.766301151778408275990117,186.301009062187272647
152666455,127,-0.01012383281269418,20.304608620980271167,1990.382143855448881109142292,186.301009062187272647
152673185,8,-0.004472294102427115,9.001129290005896202,1994.652341383128690808782068,186.301009062187272647
152684765,3,0.00759,-14.961067209688717103,1987.485622986693417408061168,186.301009062187272647
152744747,8,0.017366459291170735,-34.0304249945236569,1971.232249156157386320586046,186.301009062187272647
152764344,16,0.015523840264866713,-30.184535918004863729,1956.882182608529308852893284,188.269661385025160317
152825208,8,-0.002173541209779207,4.298528363156943294,1958.893018007803615562086067,186.301009062187272647
152826327,6,-0.002525429544191406,5.000016297525671701,1961.245666809094777141647805,186.301009062187272647
152839014,83,-0.00793850879556268,15.756365781548702907,1968.668716886818682851796242,186.301009062187272647
152856339,9,-0.001227112808496738,2.440893755178433347,1969.819911251093730610071101,186.301009062187272647
152857980,56,-0.005661912649746293,11.280820365565167722,1975.144635504323359728551814,186.301009062187272647
152889647,75,-0.008751172323722648,17.495950136781088828,1983.417215929174103316139909,186.301009062187272647
152895885,15,-0.001080512491493142,2.1653139208958887,1984.442239825072379566491953,186.301009062187272647
152905034,46,-0.006058824658484114,12.162456251619274882,1990.204666856591108449453505,186.301009062187272647
152915149,80,-0.005761868483755685,11.599132612512781018,1995.707980743105240074164744,186.301009062187272647
152917347,128,-0.005724869779963395,11.556714990578731735,2001.338431901362447267559272,179.633296926104407713
152923881,4,-0.004940603090456292,10,2006.272510303813041717815361,179.633296926104407713
152955941,75,-0.006701028263460112,13.602616237424297016,2012.993899479987515220275655,179.633296926104407713
152991877,75,-0.01323706415704131,27.004564078158093943,2026.370829705201748434573108,179.633296926104407713
153020890,81,-0.005936800923057405,12.16978237355437751,2032.413710706103798698340096,179.633296926104407713
153028207,77,-0.006352937861145206,13.063047771909905862,2038.910152761899558372623524,179.633260227078668958
153029343,124,-0.00656262196162777,13.538087082907296359,2045.653778268754573678341771,179.633260227078668958
153029701,117,-0.006967093223357309,14.421521142883851699,2052.849709402952494445085069,179.633260227078668958
153061155,124,-0.015474344269955884,32.213106261256802059,2068.968766962176289440947738,179.633260227078668958
153561956,145,-0.009656178476922249,20.229596264638210617,2079.123641488047898483522038,179.632778865483581212
153565568,99,-0.00741372609420039,15.599106291695227471,2086.971094058376600282790468,179.632778865483581212
153572910,50,-0.006421999439972029,13.560052717510604988,2093.804768412729050507423142,179.632778865483581212
153574832,5,-0.000236397490168704,0.5,2094.056960104623286993377153,179.632778865483581212
153639139,49,-0.005448110355947021,11.539908438944067387,2099.881718291271778679080328,179.632778865483581212
153647892,101,-0.008601025214325572,18.283688079507802237,2109.126955449137197190844635,179.632778865483581212
153732797,61,0.008236910159303938,-17.163180481473186496,2100.360146647275770771354,179.632778865483581212
153769837,11,0.002,-4.156613347495828183,2098.239729694231710909349714,179.632778865483581212
153912946,19,0.006,-12.444693939031878337,2091.897709224450012298807836,179.632778865483581212
154298978,82,0.025671074019424588,-53.12816150580940368,2089.058797109154343736958002,1711.297976811460938579
154300625,10,0.03,-61.995868497225276473,2085.748474724134516348405046,1711.297976811460938579
154301177,36,0.02,-41.276009169006056838,2083.545962491383745179442246,1711.297976811460938579
154325148,3,0.01,-20.621659566895173917,2082.44601441441933514498032,1711.297976811460938579
154325278,128,0.016437553870282371,-33.873316238321636105,2080.6398605189478705851409,1711.297976811460938579
154325391,36,0.013095003251606667,-26.96420834080552035,2079.202666259744138712326642,1711.297976811460938579
154326370,133,0.058370865052013683,-119.96648965810490766,2072.814464345713683211685884,1711.298458173056026325
154326981,12,0.028694700148526405,-58.839532296083899263,2069.684858511064976952283712,1711.298458173056026325
154328301,111,0.030305148429972214,-62.045399180151986066,2066.387297492023479941700096,1711.298458173056026325
154331377,3,0.025,-51.109484256884458939,2063.672928370158305370209795,1711.298458173056026325
154520429,139,0.017633998626541624,-36.010209450737105954,2061.761536560272826017414924,1711.298458173056026325
154521051,77,0.016760370024179845,-34.195272476291520604,2059.947299845374614231174897,1711.298458173056026325
154521440,120,0.017159609831908493,-34.978653318853262223,2058.092326926935488217900395,1711.298458173056026325
154522488,80,0.02748797468091701,-55.966686720928473721,2055.126063671147206242381496,1711.298458173056026325
154564891,20,0.03883666355146111,-78.935699318354872182,2050.94606705176318854430105,1711.298458173056026325
154565064,47,0.026680896478121664,-54.136026963702487288,2048.081783384295839328901424,1711.298458173056026325
154568001,3,0.061867187495969076,-125.239115162980668626,2041.463176591003480608471816,1711.298458173056026325
154599762,4,0.0001,-0.202104326212664158,2041.452504486866524590238261,1711.298458173056026325
154602360,53,0.028836216544729817,-58.23519504984519869,2038.378561327531916166131896,1711.298458173056026325
154603082,66,0.018605198853102991,-37.526958088900832108,2036.398929029276135551915872,1711.29849487208176508
154637742,10,0.06,-120.77292228218663408,2030.034411308528834471999485,1711.29849487208176508
154639787,20,0.03,-60.244913137575364503,2026.863335608769346398336869,1711.29849487208176508
154688798,92,0.070114329220206366,-140.434591662402036481,2019.48098677771737213617052,1711.29849487208176508
154689068,143,0.053037745291028311,-105.891623244250320978,2013.92339536174440388036958,1711.29849487208176508
154689931,79,0.02351916825200244,-46.863530538267956309,2011.466265124467606893709508,1711.29849487208176508
154749568,64,-0.050853835155315644,103.461904647514277581,2016.838635727074907229899584,1711.29849487208176508
154938812,8,-0.024527563776676291,49.999999999999998116,2019.437507435504601932577146,1711.29849487208176508
154963901,79,-0.022678669879338542,46.288330518993006642,2021.844947727849216559607512,1711.29849487208176508
154968368,77,-0.024443295846217374,49.951833576091722506,2024.444534456515355281957611,1711.29849487208176508
154969014,57,-0.044747612277598143,91.611882754122055237,2029.216528293485471780024014,1711.29849487208176508
154969118,46,-0.057002577872487255,117.014541878690489861,2035.31989758581349477918172,1711.29849487208176508
154971371,119,-0.047798340481902879,98.391572105488084683,2040.459003292013930927891385,1711.298458173056026325
154977935,27,-0.04847980851552021,100.048293527003191054,2045.691285955764995132404065,1711.298458173056026325
154978605,53,-0.049748412091697416,102.933212718000982635,2051.081435357864231323349302,1711.298458173056026325
154978625,224,-0.024539754617021681,50.874489309969262292,2053.748122320087467530021386,1711.298458173056026325
155264567,131,0.029918113980272504,-60.782152419595838924,2050.530139809842338827089584,1711.298458173056026325
155265270,65,0.018278244498541652,-37.087531889820118522,2048.567858308648297133648563,1711.298458173056026325
155265686,75,0.028221769644110896,-57.193804363817859409,2045.543605965297697402745201,1711.298458173056026325
155284338,30,0.02073069002005066,-41.958716292744653142,2043.326364124619642531677582,1711.298458173056026325
155490551,18,0.124958229277791965,-251.953828460360602603,2030.037550108798672883005026,1711.29849487208176508
